Repetition_nr;Nitrogen_level;Soil_conditioning;Setup_IAN;Invasive_species;Species;Status;Shoot_dry_weight;Root_dry_weight
1;4;C;I;Solidago_gigantea;Invasive;I;114,4;55,4
2;4;C;I;Solidago_gigantea;Invasive;I;216,3;110,7
3;4;C;I;Solidago_gigantea;Invasive;I;85;27,5
1;8;C;I;Solidago_gigantea;Invasive;I;262,2;47,3
2;8;C;I;Solidago_gigantea;Invasive;I;416,6;142,4
3;8;C;I;Solidago_gigantea;Invasive;I;384,5;158,6
1;16;C;I;Solidago_gigantea;Invasive;I;520,7;254,5
2;16;C;I;Solidago_gigantea;Invasive;I;189,6;51,7
3;16;C;I;Solidago_gigantea;Invasive;I;477,9;198,3
1;32;C;I;Solidago_gigantea;Invasive;I;877,1;275,9
2;32;C;I;Solidago_gigantea;Invasive;I;516,2;165,5
3;32;C;I;Solidago_gigantea;Invasive;I;568,1;241,8
1;64;C;I;Solidago_gigantea;Invasive;I;539,9;277,6
2;64;C;I;Solidago_gigantea;Invasive;I;726,6;301,1
3;64;C;I;Solidago_gigantea;Invasive;I;684,6;209
1;4;T;I;Solidago_gigantea;Invasive;I;51,4;38
2;4;T;I;Solidago_gigantea;Invasive;I;37,1;13,3
3;4;T;I;Solidago_gigantea;Invasive;I;115,9;40,2
1;8;T;I;Solidago_gigantea;Invasive;I;375,4;131,5
2;8;T;I;Solidago_gigantea;Invasive;I;296,4;167,3
3;8;T;I;Solidago_gigantea;Invasive;I;367,6;110,6
1;16;T;I;Solidago_gigantea;Invasive;I;640,4;190,8
2;16;T;I;Solidago_gigantea;Invasive;I;713,4;243,6
3;16;T;I;Solidago_gigantea;Invasive;I;591,1;154,3
1;32;T;I;Solidago_gigantea;Invasive;I;648,9;360,9
2;32;T;I;Solidago_gigantea;Invasive;I;957;271,7
3;32;T;I;Solidago_gigantea;Invasive;I;541,7;200,1
1;64;T;I;Solidago_gigantea;Invasive;I;561,7;158
2;64;T;I;Solidago_gigantea;Invasive;I;258;55,8
3;64;T;I;Solidago_gigantea;Invasive;I;901,8;265,4
1;4;C;A;Solidago_gigantea;Invasive;I;24,8;2,7
1;4;C;A;Solidago_gigantea;Agrostis;N;1,4;0
1;4;C;A;Solidago_gigantea;Centaurea;N;52,1;27,4
1;4;C;A;Solidago_gigantea;Plantago;N;12,7;6,8
1;4;C;A;Solidago_gigantea;Ranunculus;N;1;0
2;4;C;A;Solidago_gigantea;Invasive;I;30,4;2,3
2;4;C;A;Solidago_gigantea;Agrostis;N;0,8;0
2;4;C;A;Solidago_gigantea;Centaurea;N;55;35,2
2;4;C;A;Solidago_gigantea;Plantago;N;8;2
2;4;C;A;Solidago_gigantea;Ranunculus;N;3;0
3;4;C;A;Solidago_gigantea;Invasive;I;74,3;22,1
3;4;C;A;Solidago_gigantea;Agrostis;N;5,2;2,8
3;4;C;A;Solidago_gigantea;Centaurea;N;31,3;20,2
3;4;C;A;Solidago_gigantea;Plantago;N;27,8;18,4
3;4;C;A;Solidago_gigantea;Ranunculus;N;0;0
1;8;C;A;Solidago_gigantea;Invasive;I;185,3;93,2
1;8;C;A;Solidago_gigantea;Agrostis;N;2,5;2,8
1;8;C;A;Solidago_gigantea;Centaurea;N;148,5;204,6
1;8;C;A;Solidago_gigantea;Plantago;N;121,8;52,6
1;8;C;A;Solidago_gigantea;Ranunculus;N;0;0
2;8;C;A;Solidago_gigantea;Invasive;I;25,9;8,3
2;8;C;A;Solidago_gigantea;Agrostis;N;7,9;3,8
2;8;C;A;Solidago_gigantea;Centaurea;N;71,8;36,3
2;8;C;A;Solidago_gigantea;Plantago;N;79,5;35,5
2;8;C;A;Solidago_gigantea;Ranunculus;N;0;0
3;8;C;A;Solidago_gigantea;Invasive;I;227,1;45,1
3;8;C;A;Solidago_gigantea;Agrostis;N;37;16,6
3;8;C;A;Solidago_gigantea;Centaurea;N;29,9;8,3
3;8;C;A;Solidago_gigantea;Plantago;N;166,2;76
3;8;C;A;Solidago_gigantea;Ranunculus;N;0;0
1;16;C;A;Solidago_gigantea;Invasive;I;203,3;124,9
1;16;C;A;Solidago_gigantea;Agrostis;N;0;0
1;16;C;A;Solidago_gigantea;Centaurea;N;179,2;160,7
1;16;C;A;Solidago_gigantea;Plantago;N;462,2;166,7
1;16;C;A;Solidago_gigantea;Ranunculus;N;77,6;62,9
2;16;C;A;Solidago_gigantea;Invasive;I;80,9;18,6
2;16;C;A;Solidago_gigantea;Agrostis;N;41,4;14,2
2;16;C;A;Solidago_gigantea;Centaurea;N;87,4;48,6
2;16;C;A;Solidago_gigantea;Plantago;N;198;114,4
2;16;C;A;Solidago_gigantea;Ranunculus;N;79,2;48,5
3;16;C;A;Solidago_gigantea;Invasive;I;356,2;82,8
3;16;C;A;Solidago_gigantea;Agrostis;N;0;0
3;16;C;A;Solidago_gigantea;Centaurea;N;398,5;228,3
3;16;C;A;Solidago_gigantea;Plantago;N;299,5;142,4
3;16;C;A;Solidago_gigantea;Ranunculus;N;4,4;0
1;32;C;A;Solidago_gigantea;Invasive;I;1102,6;284,5
1;32;C;A;Solidago_gigantea;Agrostis;N;140,2;43,5
1;32;C;A;Solidago_gigantea;Centaurea;N;254,4;256,4
1;32;C;A;Solidago_gigantea;Plantago;N;253,9;136,9
1;32;C;A;Solidago_gigantea;Ranunculus;N;263,8;131,9
2;32;C;A;Solidago_gigantea;Invasive;I;105,5;39,7
2;32;C;A;Solidago_gigantea;Agrostis;N;300,7;101,4
2;32;C;A;Solidago_gigantea;Centaurea;N;228,2;128,2
2;32;C;A;Solidago_gigantea;Plantago;N;277,1;197,3
2;32;C;A;Solidago_gigantea;Ranunculus;N;75,2;38,6
3;32;C;A;Solidago_gigantea;Invasive;I;321;88,7
3;32;C;A;Solidago_gigantea;Agrostis;N;123,1;32,8
3;32;C;A;Solidago_gigantea;Centaurea;N;232,2;145
3;32;C;A;Solidago_gigantea;Plantago;N;302,1;113,4
3;32;C;A;Solidago_gigantea;Ranunculus;N;33,7;8,9
1;64;C;A;Solidago_gigantea;Invasive;I;306,8;59
1;64;C;A;Solidago_gigantea;Agrostis;N;75,3;51,9
1;64;C;A;Solidago_gigantea;Centaurea;N;174,3;65,7
1;64;C;A;Solidago_gigantea;Plantago;N;563,5;197,6
1;64;C;A;Solidago_gigantea;Ranunculus;N;68,1;31,9
2;64;C;A;Solidago_gigantea;Invasive;I;400,3;116,8
2;64;C;A;Solidago_gigantea;Agrostis;N;82,6;25,4
2;64;C;A;Solidago_gigantea;Centaurea;N;313;409,8
2;64;C;A;Solidago_gigantea;Plantago;N;743,2;340,6
2;64;C;A;Solidago_gigantea;Ranunculus;N;182,8;103,5
3;64;C;A;Solidago_gigantea;Invasive;I;352,3;128
3;64;C;A;Solidago_gigantea;Agrostis;N;168,6;69
3;64;C;A;Solidago_gigantea;Centaurea;N;478,1;307,2
3;64;C;A;Solidago_gigantea;Plantago;N;551,6;268,7
3;64;C;A;Solidago_gigantea;Ranunculus;N;35,9;11,9
1;4;T;A;Solidago_gigantea;Invasive;I;30,3;8
1;4;T;A;Solidago_gigantea;Agrostis;N;8,8;11,8
1;4;T;A;Solidago_gigantea;Centaurea;N;20;4,6
1;4;T;A;Solidago_gigantea;Plantago;N;18,4;12,2
1;4;T;A;Solidago_gigantea;Ranunculus;N;5,9;2,8
2;4;T;A;Solidago_gigantea;Invasive;I;62,6;22,2
2;4;T;A;Solidago_gigantea;Agrostis;N;1,6;2
2;4;T;A;Solidago_gigantea;Centaurea;N;13,7;6,1
2;4;T;A;Solidago_gigantea;Plantago;N;0;0
2;4;T;A;Solidago_gigantea;Ranunculus;N;0;0
3;4;T;A;Solidago_gigantea;Invasive;I;40,8;13,2
3;4;T;A;Solidago_gigantea;Agrostis;N;0,5;0,1
3;4;T;A;Solidago_gigantea;Centaurea;N;67,7;36,2
3;4;T;A;Solidago_gigantea;Plantago;N;5,7;8
3;4;T;A;Solidago_gigantea;Ranunculus;N;0;0
1;8;T;A;Solidago_gigantea;Invasive;I;92,3;28,8
1;8;T;A;Solidago_gigantea;Agrostis;N;0;0
1;8;T;A;Solidago_gigantea;Centaurea;N;155,7;141
1;8;T;A;Solidago_gigantea;Plantago;N;139,7;60,8
1;8;T;A;Solidago_gigantea;Ranunculus;N;0;11,9
2;8;T;A;Solidago_gigantea;Invasive;I;205,9;82,9
2;8;T;A;Solidago_gigantea;Agrostis;N;9,4;5,4
2;8;T;A;Solidago_gigantea;Centaurea;N;63,8;46,7
2;8;T;A;Solidago_gigantea;Plantago;N;139,9;57,4
2;8;T;A;Solidago_gigantea;Ranunculus;N;0;0
3;8;T;A;Solidago_gigantea;Invasive;I;121,7;17,6
3;8;T;A;Solidago_gigantea;Agrostis;N;9;4,7
3;8;T;A;Solidago_gigantea;Centaurea;N;220,3;140,9
3;8;T;A;Solidago_gigantea;Plantago;N;44,2;23,1
3;8;T;A;Solidago_gigantea;Ranunculus;N;0;0
1;16;T;A;Solidago_gigantea;Invasive;I;396,2;162,5
1;16;T;A;Solidago_gigantea;Agrostis;N;0,7;0,7
1;16;T;A;Solidago_gigantea;Centaurea;N;231,9;177,8
1;16;T;A;Solidago_gigantea;Plantago;N;109,8;58,6
1;16;T;A;Solidago_gigantea;Ranunculus;N;0;0
2;16;T;A;Solidago_gigantea;Invasive;I;613,6;194,1
2;16;T;A;Solidago_gigantea;Agrostis;N;166;75,2
2;16;T;A;Solidago_gigantea;Centaurea;N;211,9;147,6
2;16;T;A;Solidago_gigantea;Plantago;N;170;85,9
2;16;T;A;Solidago_gigantea;Ranunculus;N;0;0
3;16;T;A;Solidago_gigantea;Invasive;I;516,2;122,5
3;16;T;A;Solidago_gigantea;Agrostis;N;0;0
3;16;T;A;Solidago_gigantea;Centaurea;N;167,2;83,8
3;16;T;A;Solidago_gigantea;Plantago;N;284;67,4
3;16;T;A;Solidago_gigantea;Ranunculus;N;0;0
1;32;T;A;Solidago_gigantea;Invasive;I;271,7;60,8
1;32;T;A;Solidago_gigantea;Agrostis;N;0;0
1;32;T;A;Solidago_gigantea;Centaurea;N;251,8;137,2
1;32;T;A;Solidago_gigantea;Plantago;N;0;0
1;32;T;A;Solidago_gigantea;Ranunculus;N;0;0
2;32;T;A;Solidago_gigantea;Invasive;I;159,2;30,1
2;32;T;A;Solidago_gigantea;Agrostis;N;141,5;38,6
2;32;T;A;Solidago_gigantea;Centaurea;N;60,4;22,1
2;32;T;A;Solidago_gigantea;Plantago;N;344,4;162,2
2;32;T;A;Solidago_gigantea;Ranunculus;N;53,7;35,2
3;32;T;A;Solidago_gigantea;Invasive;I;460,1;129,8
3;32;T;A;Solidago_gigantea;Agrostis;N;220,2;86
3;32;T;A;Solidago_gigantea;Centaurea;N;474,1;380
3;32;T;A;Solidago_gigantea;Plantago;N;110,7;54,9
3;32;T;A;Solidago_gigantea;Ranunculus;N;105,2;56,4
1;64;T;A;Solidago_gigantea;Invasive;I;373;64
1;64;T;A;Solidago_gigantea;Agrostis;N;164,5;49,3
1;64;T;A;Solidago_gigantea;Centaurea;N;157,8;74,5
1;64;T;A;Solidago_gigantea;Plantago;N;178,1;36,4
1;64;T;A;Solidago_gigantea;Ranunculus;N;0;0
2;64;T;A;Solidago_gigantea;Invasive;I;419;142
2;64;T;A;Solidago_gigantea;Agrostis;N;51,6;11,9
2;64;T;A;Solidago_gigantea;Centaurea;N;217,3;123,8
2;64;T;A;Solidago_gigantea;Plantago;N;299,3;88,7
2;64;T;A;Solidago_gigantea;Ranunculus;N;33,8;8,2
3;64;T;A;Solidago_gigantea;Invasive;I;464,6;214,4
3;64;T;A;Solidago_gigantea;Agrostis;N;3,5;4,1
3;64;T;A;Solidago_gigantea;Centaurea;N;124,9;33,2
3;64;T;A;Solidago_gigantea;Plantago;N;9,1;0
3;64;T;A;Solidago_gigantea;Ranunculus;N;74,6;24,5
1;4;C;N;All;Agrostis;N;5,9;1,4
1;4;C;N;All;Centaurea;N;71,9;53,4
1;4;C;N;All;Plantago;N;38,1;44,7
1;4;C;N;All;Ranunculus;N;6,9;0
2;4;C;N;All;Agrostis;N;5,3;5,4
2;4;C;N;All;Centaurea;N;46,4;59
2;4;C;N;All;Plantago;N;23,2;16
2;4;C;N;All;Ranunculus;N;3,7;0
3;4;C;N;All;Agrostis;N;5,7;5,2
3;4;C;N;All;Centaurea;N;43,9;46,1
3;4;C;N;All;Plantago;N;52,3;43
3;4;C;N;All;Ranunculus;N;16,6;13,7
1;8;C;N;All;Agrostis;N;34,9;22,4
1;8;C;N;All;Centaurea;N;215,7;247,1
1;8;C;N;All;Plantago;N;138,7;86,3
1;8;C;N;All;Ranunculus;N;0;0
2;8;C;N;All;Agrostis;N;68,1;19,6
2;8;C;N;All;Centaurea;N;130,1;30,8
2;8;C;N;All;Plantago;N;52,7;16,2
2;8;C;N;All;Ranunculus;N;0;0
3;8;C;N;All;Agrostis;N;39,8;11,6
3;8;C;N;All;Centaurea;N;224,2;120
3;8;C;N;All;Plantago;N;43;11,4
3;8;C;N;All;Ranunculus;N;0;0
1;16;C;N;All;Agrostis;N;0;0
1;16;C;N;All;Centaurea;N;244,5;134,4
1;16;C;N;All;Plantago;N;446,1;99,3
1;16;C;N;All;Ranunculus;N;9,5;0
2;16;C;N;All;Agrostis;N;331,1;110
2;16;C;N;All;Centaurea;N;130,3;83,1
2;16;C;N;All;Plantago;N;242,1;169,4
2;16;C;N;All;Ranunculus;N;92;51,3
3;16;C;N;All;Agrostis;N;75,8;25
3;16;C;N;All;Centaurea;N;271,6;261
3;16;C;N;All;Plantago;N;581,5;343,2
3;16;C;N;All;Ranunculus;N;0;0
1;32;C;N;All;Agrostis;N;114,2;68,1
1;32;C;N;All;Centaurea;N;204;271
1;32;C;N;All;Plantago;N;1244,3;450
1;32;C;N;All;Ranunculus;N;84,6;72,1
2;32;C;N;All;Agrostis;N;59,2;19
2;32;C;N;All;Centaurea;N;276;280,1
2;32;C;N;All;Plantago;N;453,1;164,4
2;32;C;N;All;Ranunculus;N;118,4;74,9
3;32;C;N;All;Agrostis;N;114,1;58,1
3;32;C;N;All;Centaurea;N;430,8;229
3;32;C;N;All;Plantago;N;422,6;165,3
3;32;C;N;All;Ranunculus;N;229,7;129,6
1;64;C;N;All;Agrostis;N;290;111,4
1;64;C;N;All;Centaurea;N;211;128,4
1;64;C;N;All;Plantago;N;609,5;250,1
1;64;C;N;All;Ranunculus;N;142;66
2;64;C;N;All;Agrostis;N;157,6;71,4
2;64;C;N;All;Centaurea;N;467,6;411
2;64;C;N;All;Plantago;N;343,7;148,8
2;64;C;N;All;Ranunculus;N;21,2;6,2
3;64;C;N;All;Agrostis;N;232,1;100,8
3;64;C;N;All;Centaurea;N;257,4;236,3
3;64;C;N;All;Plantago;N;981,4;450
3;64;C;N;All;Ranunculus;N;213;86,6
1;4;T;N;Solidago_gigantea;Agrostis;N;5,6;3,8
1;4;T;N;Solidago_gigantea;Centaurea;N;42,7;9,4
1;4;T;N;Solidago_gigantea;Plantago;N;14,4;11,2
1;4;T;N;Solidago_gigantea;Ranunculus;N;13;11,2
2;4;T;N;Solidago_gigantea;Agrostis;N;15,3;10,6
2;4;T;N;Solidago_gigantea;Centaurea;N;47,4;38,8
2;4;T;N;Solidago_gigantea;Plantago;N;40,6;21,1
2;4;T;N;Solidago_gigantea;Ranunculus;N;7;1,9
3;4;T;N;Solidago_gigantea;Agrostis;N;7,7;10,5
3;4;T;N;Solidago_gigantea;Centaurea;N;30,9;40,3
3;4;T;N;Solidago_gigantea;Plantago;N;9,4;12,4
3;4;T;N;Solidago_gigantea;Ranunculus;N;0;0
1;8;T;N;Solidago_gigantea;Agrostis;N;0,8;0,9
1;8;T;N;Solidago_gigantea;Centaurea;N;100,2;73
1;8;T;N;Solidago_gigantea;Plantago;N;66,5;52,2
1;8;T;N;Solidago_gigantea;Ranunculus;N;3,5;0
2;8;T;N;Solidago_gigantea;Agrostis;N;11,1;4,5
2;8;T;N;Solidago_gigantea;Centaurea;N;91,4;53,4
2;8;T;N;Solidago_gigantea;Plantago;N;110,8;65,4
2;8;T;N;Solidago_gigantea;Ranunculus;N;0;0
3;8;T;N;Solidago_gigantea;Agrostis;N;137,1;52,5
3;8;T;N;Solidago_gigantea;Centaurea;N;38,3;14,5
3;8;T;N;Solidago_gigantea;Plantago;N;0;0
3;8;T;N;Solidago_gigantea;Ranunculus;N;0;0
1;16;T;N;Solidago_gigantea;Agrostis;N;34,5;14,7
1;16;T;N;Solidago_gigantea;Centaurea;N;181,3;144,5
1;16;T;N;Solidago_gigantea;Plantago;N;358,7;223,8
1;16;T;N;Solidago_gigantea;Ranunculus;N;52,3;45,9
2;16;T;N;Solidago_gigantea;Agrostis;N;11,4;9,8
2;16;T;N;Solidago_gigantea;Centaurea;N;296,2;73,1
2;16;T;N;Solidago_gigantea;Plantago;N;344,8;66,2
2;16;T;N;Solidago_gigantea;Ranunculus;N;0;0
3;16;T;N;Solidago_gigantea;Agrostis;N;46,6;13,3
3;16;T;N;Solidago_gigantea;Centaurea;N;177;130,7
3;16;T;N;Solidago_gigantea;Plantago;N;303,8;85,8
3;16;T;N;Solidago_gigantea;Ranunculus;N;0;0
1;32;T;N;Solidago_gigantea;Agrostis;N;0;0
1;32;T;N;Solidago_gigantea;Centaurea;N;401,8;283,3
1;32;T;N;Solidago_gigantea;Plantago;N;316,5;168,2
1;32;T;N;Solidago_gigantea;Ranunculus;N;234,4;136,1
2;32;T;N;Solidago_gigantea;Agrostis;N;232,4;48,6
2;32;T;N;Solidago_gigantea;Centaurea;N;210,1;108,2
2;32;T;N;Solidago_gigantea;Plantago;N;391;260,6
2;32;T;N;Solidago_gigantea;Ranunculus;N;35,4;32
3;32;T;N;Solidago_gigantea;Agrostis;N;0,5;2,9
3;32;T;N;Solidago_gigantea;Centaurea;N;381,6;211
3;32;T;N;Solidago_gigantea;Plantago;N;193;126,9
3;32;T;N;Solidago_gigantea;Ranunculus;N;69,5;44,8
1;64;T;N;Solidago_gigantea;Agrostis;N;184,3;56,1
1;64;T;N;Solidago_gigantea;Centaurea;N;144,1;68,2
1;64;T;N;Solidago_gigantea;Plantago;N;234,1;112,6
1;64;T;N;Solidago_gigantea;Ranunculus;N;220,7;112,1
2;64;T;N;Solidago_gigantea;Agrostis;N;164;81,7
2;64;T;N;Solidago_gigantea;Centaurea;N;439,9;307,7
2;64;T;N;Solidago_gigantea;Plantago;N;377,2;162,4
2;64;T;N;Solidago_gigantea;Ranunculus;N;39;21
3;64;T;N;Solidago_gigantea;Agrostis;N;174,2;70
3;64;T;N;Solidago_gigantea;Centaurea;N;257,3;218,3
3;64;T;N;Solidago_gigantea;Plantago;N;340;226,6
3;64;T;N;Solidago_gigantea;Ranunculus;N;102,9;35,2
1;4;C;I;Phytolacca_americana;Invasive;I;16,1;4,9
2;4;C;I;Phytolacca_americana;Invasive;I;10,9;0
3;4;C;I;Phytolacca_americana;Invasive;I;15,7;0
1;8;C;I;Phytolacca_americana;Invasive;I;340,3;273,6
2;8;C;I;Phytolacca_americana;Invasive;I;171,5;100
3;8;C;I;Phytolacca_americana;Invasive;I;366,3;172
1;16;C;I;Phytolacca_americana;Invasive;I;1137,7;842,1
2;16;C;I;Phytolacca_americana;Invasive;I;1156,5;742,1
3;16;C;I;Phytolacca_americana;Invasive;I;108,4;83,6
1;32;C;I;Phytolacca_americana;Invasive;I;293,3;151,8
2;32;C;I;Phytolacca_americana;Invasive;I;488,1;293,6
3;32;C;I;Phytolacca_americana;Invasive;I;1035,9;588,7
1;64;C;I;Phytolacca_americana;Invasive;I;222,9;156,5
2;64;C;I;Phytolacca_americana;Invasive;I;752,6;708,2
3;64;C;I;Phytolacca_americana;Invasive;I;542,5;245,1
1;4;T;I;Phytolacca_americana;Invasive;I;26,2;0,7
2;4;T;I;Phytolacca_americana;Invasive;I;10,3;0
3;4;T;I;Phytolacca_americana;Invasive;I;32;3,5
1;8;T;I;Phytolacca_americana;Invasive;I;53;32,8
2;8;T;I;Phytolacca_americana;Invasive;I;85,3;37,6
3;8;T;I;Phytolacca_americana;Invasive;I;163,3;68,2
1;16;T;I;Phytolacca_americana;Invasive;I;825,5;777,9
2;16;T;I;Phytolacca_americana;Invasive;I;284,6;184,2
3;16;T;I;Phytolacca_americana;Invasive;I;958,5;716,5
1;32;T;I;Phytolacca_americana;Invasive;I;652,7;670,1
2;32;T;I;Phytolacca_americana;Invasive;I;135,3;56,8
3;32;T;I;Phytolacca_americana;Invasive;I;491,7;321,1
1;64;T;I;Phytolacca_americana;Invasive;I;742,9;389,6
2;64;T;I;Phytolacca_americana;Invasive;I;1069,1;435,4
3;64;T;I;Phytolacca_americana;Invasive;I;462,5;256,6
1;4;C;A;Phytolacca_americana;Invasive;I;10,4;6,5
1;4;C;A;Phytolacca_americana;Agrostis;N;11,8;9,9
1;4;C;A;Phytolacca_americana;Centaurea;N;66,7;54,6
1;4;C;A;Phytolacca_americana;Plantago;N;60,1;43,6
1;4;C;A;Phytolacca_americana;Ranunculus;N;0;0
2;4;C;A;Phytolacca_americana;Invasive;I;22,6;7,9
2;4;C;A;Phytolacca_americana;Agrostis;N;1,7;0
2;4;C;A;Phytolacca_americana;Centaurea;N;55,6;91,3
2;4;C;A;Phytolacca_americana;Plantago;N;18,3;22,7
2;4;C;A;Phytolacca_americana;Ranunculus;N;9,1;0
3;4;C;A;Phytolacca_americana;Invasive;I;16,1;3,6
3;4;C;A;Phytolacca_americana;Agrostis;N;5,1;0,7
3;4;C;A;Phytolacca_americana;Centaurea;N;53,2;44,3
3;4;C;A;Phytolacca_americana;Plantago;N;19,8;2
3;4;C;A;Phytolacca_americana;Ranunculus;N;12,9;6,7
1;8;C;A;Phytolacca_americana;Invasive;I;99;67
1;8;C;A;Phytolacca_americana;Agrostis;N;23,8;30,8
1;8;C;A;Phytolacca_americana;Centaurea;N;168;136,4
1;8;C;A;Phytolacca_americana;Plantago;N;19,6;5,6
1;8;C;A;Phytolacca_americana;Ranunculus;N;0;0
2;8;C;A;Phytolacca_americana;Invasive;I;176;70,4
2;8;C;A;Phytolacca_americana;Agrostis;N;30,6;11,6
2;8;C;A;Phytolacca_americana;Centaurea;N;84,7;47,4
2;8;C;A;Phytolacca_americana;Plantago;N;21,8;13
2;8;C;A;Phytolacca_americana;Ranunculus;N;2,8;0
3;8;C;A;Phytolacca_americana;Invasive;I;80,1;33
3;8;C;A;Phytolacca_americana;Agrostis;N;60;60,9
3;8;C;A;Phytolacca_americana;Centaurea;N;117,7;78
3;8;C;A;Phytolacca_americana;Plantago;N;57,6;14,5
3;8;C;A;Phytolacca_americana;Ranunculus;N;0,7;0
1;16;C;A;Phytolacca_americana;Invasive;I;312,8;291
1;16;C;A;Phytolacca_americana;Agrostis;N;208,2;81,4
1;16;C;A;Phytolacca_americana;Centaurea;N;150,2;98,2
1;16;C;A;Phytolacca_americana;Plantago;N;264,5;137,8
1;16;C;A;Phytolacca_americana;Ranunculus;N;207;127,6
2;16;C;A;Phytolacca_americana;Invasive;I;138;67,5
2;16;C;A;Phytolacca_americana;Agrostis;N;108,7;45
2;16;C;A;Phytolacca_americana;Centaurea;N;187,5;147,1
2;16;C;A;Phytolacca_americana;Plantago;N;174,2;83,1
2;16;C;A;Phytolacca_americana;Ranunculus;N;18,6;9
3;16;C;A;Phytolacca_americana;Invasive;I;281,4;179,4
3;16;C;A;Phytolacca_americana;Agrostis;N;89,7;42,3
3;16;C;A;Phytolacca_americana;Centaurea;N;178,8;179,5
3;16;C;A;Phytolacca_americana;Plantago;N;443,1;222,9
3;16;C;A;Phytolacca_americana;Ranunculus;N;108,1;127,2
1;32;C;A;Phytolacca_americana;Invasive;I;300;138,2
1;32;C;A;Phytolacca_americana;Agrostis;N;186,9;46,7
1;32;C;A;Phytolacca_americana;Centaurea;N;375,4;269,3
1;32;C;A;Phytolacca_americana;Plantago;N;553,3;271,2
1;32;C;A;Phytolacca_americana;Ranunculus;N;141,3;89,5
2;32;C;A;Phytolacca_americana;Invasive;I;881,2;503,6
2;32;C;A;Phytolacca_americana;Agrostis;N;22,5;7,7
2;32;C;A;Phytolacca_americana;Centaurea;N;701,6;537,7
2;32;C;A;Phytolacca_americana;Plantago;N;66,7;22,5
2;32;C;A;Phytolacca_americana;Ranunculus;N;56,5;48,9
3;32;C;A;Phytolacca_americana;Invasive;I;504,5;410,8
3;32;C;A;Phytolacca_americana;Agrostis;N;385,2;126,7
3;32;C;A;Phytolacca_americana;Centaurea;N;273,5;205,5
3;32;C;A;Phytolacca_americana;Plantago;N;448,1;202,6
3;32;C;A;Phytolacca_americana;Ranunculus;N;13,6;7,1
1;64;C;A;Phytolacca_americana;Invasive;I;205,6;254,1
1;64;C;A;Phytolacca_americana;Agrostis;N;320,8;75,4
1;64;C;A;Phytolacca_americana;Centaurea;N;277,4;134,3
1;64;C;A;Phytolacca_americana;Plantago;N;444,6;138,5
1;64;C;A;Phytolacca_americana;Ranunculus;N;384,8;140,8
2;64;C;A;Phytolacca_americana;Invasive;I;291,3;46,9
2;64;C;A;Phytolacca_americana;Agrostis;N;242,7;78,3
2;64;C;A;Phytolacca_americana;Centaurea;N;367,6;231,6
2;64;C;A;Phytolacca_americana;Plantago;N;245,5;74
2;64;C;A;Phytolacca_americana;Ranunculus;N;4,3;0
3;64;C;A;Phytolacca_americana;Invasive;I;684,8;358,8
3;64;C;A;Phytolacca_americana;Agrostis;N;161,4;64,6
3;64;C;A;Phytolacca_americana;Centaurea;N;433;445,6
3;64;C;A;Phytolacca_americana;Plantago;N;526,8;156,5
3;64;C;A;Phytolacca_americana;Ranunculus;N;197,5;152,9
1;4;T;A;Phytolacca_americana;Invasive;I;20,3;1
1;4;T;A;Phytolacca_americana;Agrostis;N;21,5;22,6
1;4;T;A;Phytolacca_americana;Centaurea;N;45,8;44,8
1;4;T;A;Phytolacca_americana;Plantago;N;16;0
1;4;T;A;Phytolacca_americana;Ranunculus;N;6;5,9
2;4;T;A;Phytolacca_americana;Invasive;I;22,1;1,4
2;4;T;A;Phytolacca_americana;Agrostis;N;2,2;0,9
2;4;T;A;Phytolacca_americana;Centaurea;N;15,7;2,8
2;4;T;A;Phytolacca_americana;Plantago;N;16,5;10,7
2;4;T;A;Phytolacca_americana;Ranunculus;N;8,3;0
3;4;T;A;Phytolacca_americana;Invasive;I;20,6;9,1
3;4;T;A;Phytolacca_americana;Agrostis;N;4,3;4,2
3;4;T;A;Phytolacca_americana;Centaurea;N;40;36,1
3;4;T;A;Phytolacca_americana;Plantago;N;6,2;5,6
3;4;T;A;Phytolacca_americana;Ranunculus;N;0;0
1;8;T;A;Phytolacca_americana;Invasive;I;69,4;27,2
1;8;T;A;Phytolacca_americana;Agrostis;N;17,6;2,6
1;8;T;A;Phytolacca_americana;Centaurea;N;80,8;68
1;8;T;A;Phytolacca_americana;Plantago;N;54,2;30,9
1;8;T;A;Phytolacca_americana;Ranunculus;N;0;0
2;8;T;A;Phytolacca_americana;Invasive;I;19,9;0
2;8;T;A;Phytolacca_americana;Agrostis;N;3,8;2,4
2;8;T;A;Phytolacca_americana;Centaurea;N;79,9;44,5
2;8;T;A;Phytolacca_americana;Plantago;N;23,5;18,8
2;8;T;A;Phytolacca_americana;Ranunculus;N;0;0
3;8;T;A;Phytolacca_americana;Invasive;I;49,4;11,4
3;8;T;A;Phytolacca_americana;Agrostis;N;22,4;7,6
3;8;T;A;Phytolacca_americana;Centaurea;N;127,2;84,1
3;8;T;A;Phytolacca_americana;Plantago;N;94,5;32,2
3;8;T;A;Phytolacca_americana;Ranunculus;N;1,6;0
1;16;T;A;Phytolacca_americana;Invasive;I;156,4;100,5
1;16;T;A;Phytolacca_americana;Agrostis;N;96,7;53,1
1;16;T;A;Phytolacca_americana;Centaurea;N;187,8;185
1;16;T;A;Phytolacca_americana;Plantago;N;39,1;4,6
1;16;T;A;Phytolacca_americana;Ranunculus;N;51,4;27,8
2;16;T;A;Phytolacca_americana;Invasive;I;103;45
2;16;T;A;Phytolacca_americana;Agrostis;N;40,9;13,9
2;16;T;A;Phytolacca_americana;Centaurea;N;118,6;88,8
2;16;T;A;Phytolacca_americana;Plantago;N;170,3;47,5
2;16;T;A;Phytolacca_americana;Ranunculus;N;168,8;80,9
3;16;T;A;Phytolacca_americana;Invasive;I;58,6;15,3
3;16;T;A;Phytolacca_americana;Agrostis;N;44,3;12,3
3;16;T;A;Phytolacca_americana;Centaurea;N;74;37,5
3;16;T;A;Phytolacca_americana;Plantago;N;89,5;34,9
3;16;T;A;Phytolacca_americana;Ranunculus;N;0;0
1;32;T;A;Phytolacca_americana;Invasive;I;295,6;246,6
1;32;T;A;Phytolacca_americana;Agrostis;N;86,4;52,3
1;32;T;A;Phytolacca_americana;Centaurea;N;14,3;0
1;32;T;A;Phytolacca_americana;Plantago;N;333,8;262,1
1;32;T;A;Phytolacca_americana;Ranunculus;N;0;0
2;32;T;A;Phytolacca_americana;Invasive;I;132,7;73,5
2;32;T;A;Phytolacca_americana;Agrostis;N;127,6;50,3
2;32;T;A;Phytolacca_americana;Centaurea;N;249,2;231,8
2;32;T;A;Phytolacca_americana;Plantago;N;389,2;125
2;32;T;A;Phytolacca_americana;Ranunculus;N;201,8;93,3
3;32;T;A;Phytolacca_americana;Invasive;I;232,5;133,9
3;32;T;A;Phytolacca_americana;Agrostis;N;0;0
3;32;T;A;Phytolacca_americana;Centaurea;N;414,9;333
3;32;T;A;Phytolacca_americana;Plantago;N;171;89,6
3;32;T;A;Phytolacca_americana;Ranunculus;N;209,3;115,4
1;64;T;A;Phytolacca_americana;Invasive;I;223,6;166,6
1;64;T;A;Phytolacca_americana;Agrostis;N;127,9;46,9
1;64;T;A;Phytolacca_americana;Centaurea;N;217,4;170,7
1;64;T;A;Phytolacca_americana;Plantago;N;72,1;50,7
1;64;T;A;Phytolacca_americana;Ranunculus;N;347;203,3
2;64;T;A;Phytolacca_americana;Invasive;I;128,5;40,5
2;64;T;A;Phytolacca_americana;Agrostis;N;129,2;38,1
2;64;T;A;Phytolacca_americana;Centaurea;N;391,9;136,5
2;64;T;A;Phytolacca_americana;Plantago;N;428,2;129
2;64;T;A;Phytolacca_americana;Ranunculus;N;265;136,2
3;64;T;A;Phytolacca_americana;Invasive;I;251,6;143,8
3;64;T;A;Phytolacca_americana;Agrostis;N;169,8;52,3
3;64;T;A;Phytolacca_americana;Centaurea;N;189,7;112,6
3;64;T;A;Phytolacca_americana;Plantago;N;223,5;69,4
3;64;T;A;Phytolacca_americana;Ranunculus;N;90,1;47,3
1;4;T;N;Phytolacca_americana;Agrostis;N;1,6;0
1;4;T;N;Phytolacca_americana;Centaurea;N;78,6;74,3
1;4;T;N;Phytolacca_americana;Plantago;N;4,8;0
1;4;T;N;Phytolacca_americana;Ranunculus;N;3,1;0
2;4;T;N;Phytolacca_americana;Agrostis;N;40,6;39,2
2;4;T;N;Phytolacca_americana;Centaurea;N;25,1;0
2;4;T;N;Phytolacca_americana;Plantago;N;52,3;60,5
2;4;T;N;Phytolacca_americana;Ranunculus;N;0;0
3;4;T;N;Phytolacca_americana;Agrostis;N;15,3;10
3;4;T;N;Phytolacca_americana;Centaurea;N;76,1;107,7
3;4;T;N;Phytolacca_americana;Plantago;N;18,2;15,2
3;4;T;N;Phytolacca_americana;Ranunculus;N;0;0
1;8;T;N;Phytolacca_americana;Agrostis;N;74,9;50,3
1;8;T;N;Phytolacca_americana;Centaurea;N;296,1;189,7
1;8;T;N;Phytolacca_americana;Plantago;N;0;0
1;8;T;N;Phytolacca_americana;Ranunculus;N;0;0
2;8;T;N;Phytolacca_americana;Agrostis;N;32,9;15,1
2;8;T;N;Phytolacca_americana;Centaurea;N;166;126
2;8;T;N;Phytolacca_americana;Plantago;N;149,7;71,7
2;8;T;N;Phytolacca_americana;Ranunculus;N;1,4;0
3;8;T;N;Phytolacca_americana;Agrostis;N;8,9;7,7
3;8;T;N;Phytolacca_americana;Centaurea;N;172,9;171,6
3;8;T;N;Phytolacca_americana;Plantago;N;0;0
3;8;T;N;Phytolacca_americana;Ranunculus;N;0;0
1;16;T;N;Phytolacca_americana;Agrostis;N;31,4;10,7
1;16;T;N;Phytolacca_americana;Centaurea;N;67,4;43,3
1;16;T;N;Phytolacca_americana;Plantago;N;269,5;103,6
1;16;T;N;Phytolacca_americana;Ranunculus;N;0;0
2;16;T;N;Phytolacca_americana;Agrostis;N;203,3;104,5
2;16;T;N;Phytolacca_americana;Centaurea;N;402,9;289
2;16;T;N;Phytolacca_americana;Plantago;N;331;128,7
2;16;T;N;Phytolacca_americana;Ranunculus;N;52,1;23,9
3;16;T;N;Phytolacca_americana;Agrostis;N;242;101,4
3;16;T;N;Phytolacca_americana;Centaurea;N;438,1;273,8
3;16;T;N;Phytolacca_americana;Plantago;N;246,3;139,7
3;16;T;N;Phytolacca_americana;Ranunculus;N;4,5;0
1;32;T;N;Phytolacca_americana;Agrostis;N;236,1;153,4
1;32;T;N;Phytolacca_americana;Centaurea;N;485,1;287,7
1;32;T;N;Phytolacca_americana;Plantago;N;295,6;169,7
1;32;T;N;Phytolacca_americana;Ranunculus;N;108,3;130,4
2;32;T;N;Phytolacca_americana;Agrostis;N;0;0
2;32;T;N;Phytolacca_americana;Centaurea;N;102,3;90,5
2;32;T;N;Phytolacca_americana;Plantago;N;180,3;60,1
2;32;T;N;Phytolacca_americana;Ranunculus;N;12,2;11,9
3;32;T;N;Phytolacca_americana;Agrostis;N;108,5;16,1
3;32;T;N;Phytolacca_americana;Centaurea;N;335,1;220,7
3;32;T;N;Phytolacca_americana;Plantago;N;315,8;133,3
3;32;T;N;Phytolacca_americana;Ranunculus;N;99,7;55
1;64;T;N;Phytolacca_americana;Agrostis;N;280;110
1;64;T;N;Phytolacca_americana;Centaurea;N;371,5;189,4
1;64;T;N;Phytolacca_americana;Plantago;N;351;140,5
1;64;T;N;Phytolacca_americana;Ranunculus;N;182;100,9
2;64;T;N;Phytolacca_americana;Agrostis;N;0,1;0
2;64;T;N;Phytolacca_americana;Centaurea;N;222,8;121,9
2;64;T;N;Phytolacca_americana;Plantago;N;566,4;343,2
2;64;T;N;Phytolacca_americana;Ranunculus;N;145,7;215,1
3;64;T;N;Phytolacca_americana;Agrostis;N;127,3;50,3
3;64;T;N;Phytolacca_americana;Centaurea;N;243,5;242,5
3;64;T;N;Phytolacca_americana;Plantago;N;150,9;89,1
3;64;T;N;Phytolacca_americana;Ranunculus;N;165;93,4
1;4;C;I;Sporobolus_indicus;Invasive;I;22;25,8
2;4;C;I;Sporobolus_indicus;Invasive;I;33;33,8
3;4;C;I;Sporobolus_indicus;Invasive;I;23,9;18,4
1;8;C;I;Sporobolus_indicus;Invasive;I;44,2;13,2
2;8;C;I;Sporobolus_indicus;Invasive;I;166,6;27,1
3;8;C;I;Sporobolus_indicus;Invasive;I;130,4;37,4
1;16;C;I;Sporobolus_indicus;Invasive;I;217,3;73
2;16;C;I;Sporobolus_indicus;Invasive;I;389,8;102,5
3;16;C;I;Sporobolus_indicus;Invasive;I;242,4;65,3
1;32;C;I;Sporobolus_indicus;Invasive;I;290;91,8
2;32;C;I;Sporobolus_indicus;Invasive;I;355,9;109,7
3;32;C;I;Sporobolus_indicus;Invasive;I;125,6;37,1
1;64;C;I;Sporobolus_indicus;Invasive;I;191;76,3
2;64;C;I;Sporobolus_indicus;Invasive;I;125,5;39,9
3;64;C;I;Sporobolus_indicus;Invasive;I;187,5;47,8
1;4;T;I;Sporobolus_indicus;Invasive;I;24,1;26,2
2;4;T;I;Sporobolus_indicus;Invasive;I;42,7;70,9
3;4;T;I;Sporobolus_indicus;Invasive;I;11,5;5,5
1;8;T;I;Sporobolus_indicus;Invasive;I;132,3;95,5
2;8;T;I;Sporobolus_indicus;Invasive;I;161,6;39,3
3;8;T;I;Sporobolus_indicus;Invasive;I;36,5;11,9
1;16;T;I;Sporobolus_indicus;Invasive;I;229,9;87,4
2;16;T;I;Sporobolus_indicus;Invasive;I;134,8;41,4
3;16;T;I;Sporobolus_indicus;Invasive;I;196,7;73,1
1;32;T;I;Sporobolus_indicus;Invasive;I;355,7;87,5
2;32;T;I;Sporobolus_indicus;Invasive;I;346;119,7
3;32;T;I;Sporobolus_indicus;Invasive;I;232,3;51
1;64;T;I;Sporobolus_indicus;Invasive;I;267,8;85,9
2;64;T;I;Sporobolus_indicus;Invasive;I;274,5;65,1
3;64;T;I;Sporobolus_indicus;Invasive;I;221,2;63,4
1;4;C;A;Sporobolus_indicus;Invasive;I;1,5;0
1;4;C;A;Sporobolus_indicus;Agrostis;N;2,3;0,3
1;4;C;A;Sporobolus_indicus;Centaurea;N;50,1;37,5
1;4;C;A;Sporobolus_indicus;Plantago;N;62,6;55,4
1;4;C;A;Sporobolus_indicus;Ranunculus;N;3,2;3,5
2;4;C;A;Sporobolus_indicus;Invasive;I;4;0
2;4;C;A;Sporobolus_indicus;Agrostis;N;16,4;9,5
2;4;C;A;Sporobolus_indicus;Centaurea;N;46,1;46,2
2;4;C;A;Sporobolus_indicus;Plantago;N;17,4;11,3
2;4;C;A;Sporobolus_indicus;Ranunculus;N;0;7,9
3;4;C;A;Sporobolus_indicus;Invasive;I;15,6;7,9
3;4;C;A;Sporobolus_indicus;Agrostis;N;27;13,9
3;4;C;A;Sporobolus_indicus;Centaurea;N;32,2;44,2
3;4;C;A;Sporobolus_indicus;Plantago;N;35,8;12,8
3;4;C;A;Sporobolus_indicus;Ranunculus;N;4,9;0
1;8;C;A;Sporobolus_indicus;Invasive;I;65,7;28,4
1;8;C;A;Sporobolus_indicus;Agrostis;N;0;0
1;8;C;A;Sporobolus_indicus;Centaurea;N;66,7;34,9
1;8;C;A;Sporobolus_indicus;Plantago;N;21,6;7,5
1;8;C;A;Sporobolus_indicus;Ranunculus;N;23,2;2,1
2;8;C;A;Sporobolus_indicus;Invasive;I;52,4;29,8
2;8;C;A;Sporobolus_indicus;Agrostis;N;67,6;32,8
2;8;C;A;Sporobolus_indicus;Centaurea;N;222,2;188
2;8;C;A;Sporobolus_indicus;Plantago;N;132,2;79,6
2;8;C;A;Sporobolus_indicus;Ranunculus;N;0;0
3;8;C;A;Sporobolus_indicus;Invasive;I;49;22
3;8;C;A;Sporobolus_indicus;Agrostis;N;12,1;3
3;8;C;A;Sporobolus_indicus;Centaurea;N;138;43,3
3;8;C;A;Sporobolus_indicus;Plantago;N;33,7;21,8
3;8;C;A;Sporobolus_indicus;Ranunculus;N;6;0
1;16;C;A;Sporobolus_indicus;Invasive;I;1;0
1;16;C;A;Sporobolus_indicus;Agrostis;N;20,9;10,1
1;16;C;A;Sporobolus_indicus;Centaurea;N;108,7;125,1
1;16;C;A;Sporobolus_indicus;Plantago;N;228,6;164,9
1;16;C;A;Sporobolus_indicus;Ranunculus;N;1,3;0
2;16;C;A;Sporobolus_indicus;Invasive;I;130,8;47,7
2;16;C;A;Sporobolus_indicus;Agrostis;N;10,3;2,6
2;16;C;A;Sporobolus_indicus;Centaurea;N;141,7;92,1
2;16;C;A;Sporobolus_indicus;Plantago;N;87,8;26,8
2;16;C;A;Sporobolus_indicus;Ranunculus;N;0;0
3;16;C;A;Sporobolus_indicus;Invasive;I;37,5;7,8
3;16;C;A;Sporobolus_indicus;Agrostis;N;135,2;43
3;16;C;A;Sporobolus_indicus;Centaurea;N;216,3;177,7
3;16;C;A;Sporobolus_indicus;Plantago;N;271;128,5
3;16;C;A;Sporobolus_indicus;Ranunculus;N;0;0
1;32;C;A;Sporobolus_indicus;Invasive;I;142,5;44,6
1;32;C;A;Sporobolus_indicus;Agrostis;N;60,3;16,3
1;32;C;A;Sporobolus_indicus;Centaurea;N;308,3;198,7
1;32;C;A;Sporobolus_indicus;Plantago;N;191,7;69,2
1;32;C;A;Sporobolus_indicus;Ranunculus;N;159;80
2;32;C;A;Sporobolus_indicus;Invasive;I;106,6;44,8
2;32;C;A;Sporobolus_indicus;Agrostis;N;72,5;14,7
2;32;C;A;Sporobolus_indicus;Centaurea;N;556,6;412,8
2;32;C;A;Sporobolus_indicus;Plantago;N;266,5;117,8
2;32;C;A;Sporobolus_indicus;Ranunculus;N;129;71,6
3;32;C;A;Sporobolus_indicus;Invasive;I;127;32,2
3;32;C;A;Sporobolus_indicus;Agrostis;N;198,6;50,3
3;32;C;A;Sporobolus_indicus;Centaurea;N;341,9;203,1
3;32;C;A;Sporobolus_indicus;Plantago;N;221,2;64,7
3;32;C;A;Sporobolus_indicus;Ranunculus;N;126,7;90,8
1;64;C;A;Sporobolus_indicus;Invasive;I;194,5;58,1
1;64;C;A;Sporobolus_indicus;Agrostis;N;97,1;24,3
1;64;C;A;Sporobolus_indicus;Centaurea;N;185,6;92,4
1;64;C;A;Sporobolus_indicus;Plantago;N;403,7;156,5
1;64;C;A;Sporobolus_indicus;Ranunculus;N;154,9;109,1
2;64;C;A;Sporobolus_indicus;Invasive;I;88,6;34,4
2;64;C;A;Sporobolus_indicus;Agrostis;N;139,2;44,9
2;64;C;A;Sporobolus_indicus;Centaurea;N;340;217,4
2;64;C;A;Sporobolus_indicus;Plantago;N;694,6;255,4
2;64;C;A;Sporobolus_indicus;Ranunculus;N;81,7;28,4
3;64;C;A;Sporobolus_indicus;Invasive;I;22,6;6,9
3;64;C;A;Sporobolus_indicus;Agrostis;N;157,6;48,4
3;64;C;A;Sporobolus_indicus;Centaurea;N;365;363,9
3;64;C;A;Sporobolus_indicus;Plantago;N;398,9;184,2
3;64;C;A;Sporobolus_indicus;Ranunculus;N;190,8;64,1
1;4;T;A;Sporobolus_indicus;Invasive;I;19,2;20
1;4;T;A;Sporobolus_indicus;Agrostis;N;6,9;8,9
1;4;T;A;Sporobolus_indicus;Centaurea;N;39,8;24,3
1;4;T;A;Sporobolus_indicus;Plantago;N;13,1;1,7
1;4;T;A;Sporobolus_indicus;Ranunculus;N;15,3;6,3
2;4;T;A;Sporobolus_indicus;Invasive;I;5,8;7,1
2;4;T;A;Sporobolus_indicus;Agrostis;N;0,7;3
2;4;T;A;Sporobolus_indicus;Centaurea;N;47,8;61,8
2;4;T;A;Sporobolus_indicus;Plantago;N;11,9;5,8
2;4;T;A;Sporobolus_indicus;Ranunculus;N;1,1;2,3
3;4;T;A;Sporobolus_indicus;Invasive;I;36,6;27,9
3;4;T;A;Sporobolus_indicus;Agrostis;N;7,9;7,5
3;4;T;A;Sporobolus_indicus;Centaurea;N;35;27,9
3;4;T;A;Sporobolus_indicus;Plantago;N;12,7;27,8
3;4;T;A;Sporobolus_indicus;Ranunculus;N;0;0
1;8;T;A;Sporobolus_indicus;Invasive;I;52,7;26,7
1;8;T;A;Sporobolus_indicus;Agrostis;N;2,3;0
1;8;T;A;Sporobolus_indicus;Centaurea;N;116;124,7
1;8;T;A;Sporobolus_indicus;Plantago;N;34,7;19,5
1;8;T;A;Sporobolus_indicus;Ranunculus;N;2,3;0
2;8;T;A;Sporobolus_indicus;Invasive;I;27,9;12
2;8;T;A;Sporobolus_indicus;Agrostis;N;96,5;39,7
2;8;T;A;Sporobolus_indicus;Centaurea;N;6,3;0
2;8;T;A;Sporobolus_indicus;Plantago;N;110,5;80,9
2;8;T;A;Sporobolus_indicus;Ranunculus;N;0;0
3;8;T;A;Sporobolus_indicus;Invasive;I;41,1;13,7
3;8;T;A;Sporobolus_indicus;Agrostis;N;14,1;4,7
3;8;T;A;Sporobolus_indicus;Centaurea;N;146,1;103,6
3;8;T;A;Sporobolus_indicus;Plantago;N;38,1;10
3;8;T;A;Sporobolus_indicus;Ranunculus;N;2,1;0
1;16;T;A;Sporobolus_indicus;Invasive;I;72,5;22,2
1;16;T;A;Sporobolus_indicus;Agrostis;N;41,4;16,7
1;16;T;A;Sporobolus_indicus;Centaurea;N;319,5;376,6
1;16;T;A;Sporobolus_indicus;Plantago;N;142,7;56
1;16;T;A;Sporobolus_indicus;Ranunculus;N;43,2;25,9
2;16;T;A;Sporobolus_indicus;Invasive;I;146;45,1
2;16;T;A;Sporobolus_indicus;Agrostis;N;47,4;24,7
2;16;T;A;Sporobolus_indicus;Centaurea;N;397,8;320,7
2;16;T;A;Sporobolus_indicus;Plantago;N;366,8;139,2
2;16;T;A;Sporobolus_indicus;Ranunculus;N;183,9;104,4
3;16;T;A;Sporobolus_indicus;Invasive;I;212,4;72,6
3;16;T;A;Sporobolus_indicus;Agrostis;N;155,5;47,5
3;16;T;A;Sporobolus_indicus;Centaurea;N;76,5;63,6
3;16;T;A;Sporobolus_indicus;Plantago;N;292;150
3;16;T;A;Sporobolus_indicus;Ranunculus;N;3;0
1;32;T;A;Sporobolus_indicus;Invasive;I;226,4;77,8
1;32;T;A;Sporobolus_indicus;Agrostis;N;168,6;53,6
1;32;T;A;Sporobolus_indicus;Centaurea;N;181,7;110
1;32;T;A;Sporobolus_indicus;Plantago;N;427,6;179,7
1;32;T;A;Sporobolus_indicus;Ranunculus;N;108,6;59,2
2;32;T;A;Sporobolus_indicus;Invasive;I;96,4;28,3
2;32;T;A;Sporobolus_indicus;Agrostis;N;97,6;34,5
2;32;T;A;Sporobolus_indicus;Centaurea;N;248,7;215
2;32;T;A;Sporobolus_indicus;Plantago;N;27,5;1,5
2;32;T;A;Sporobolus_indicus;Ranunculus;N;173,2;65,8
3;32;T;A;Sporobolus_indicus;Invasive;I;232,5;70,4
3;32;T;A;Sporobolus_indicus;Agrostis;N;123,3;32,5
3;32;T;A;Sporobolus_indicus;Centaurea;N;381,1;255,1
3;32;T;A;Sporobolus_indicus;Plantago;N;495,4;283,6
3;32;T;A;Sporobolus_indicus;Ranunculus;N;198,4;91,2
1;64;T;A;Sporobolus_indicus;Invasive;I;192,7;71,8
1;64;T;A;Sporobolus_indicus;Agrostis;N;21,3;6,4
1;64;T;A;Sporobolus_indicus;Centaurea;N;369,9;240,3
1;64;T;A;Sporobolus_indicus;Plantago;N;411,7;249,5
1;64;T;A;Sporobolus_indicus;Ranunculus;N;133,6;83,3
2;64;T;A;Sporobolus_indicus;Invasive;I;127,1;35
2;64;T;A;Sporobolus_indicus;Agrostis;N;0;0
2;64;T;A;Sporobolus_indicus;Centaurea;N;271,7;147,8
2;64;T;A;Sporobolus_indicus;Plantago;N;352,8;144,4
2;64;T;A;Sporobolus_indicus;Ranunculus;N;156,5;54,3
3;64;T;A;Sporobolus_indicus;Invasive;I;281,2;104,6
3;64;T;A;Sporobolus_indicus;Agrostis;N;9,5;5,1
3;64;T;A;Sporobolus_indicus;Centaurea;N;142,1;59,5
3;64;T;A;Sporobolus_indicus;Plantago;N;124,5;104,5
3;64;T;A;Sporobolus_indicus;Ranunculus;N;0;0
1;4;T;N;Sporobolus_indicus;Agrostis;N;0;0
1;4;T;N;Sporobolus_indicus;Centaurea;N;46;54,4
1;4;T;N;Sporobolus_indicus;Plantago;N;42,3;36,4
1;4;T;N;Sporobolus_indicus;Ranunculus;N;12,9;9,4
2;4;T;N;Sporobolus_indicus;Agrostis;N;4;3,5
2;4;T;N;Sporobolus_indicus;Centaurea;N;35,9;12,4
2;4;T;N;Sporobolus_indicus;Plantago;N;9,6;7,1
2;4;T;N;Sporobolus_indicus;Ranunculus;N;14,2;0
3;4;T;N;Sporobolus_indicus;Agrostis;N;0,4;1,1
3;4;T;N;Sporobolus_indicus;Centaurea;N;39,9;24,5
3;4;T;N;Sporobolus_indicus;Plantago;N;13,7;13,5
3;4;T;N;Sporobolus_indicus;Ranunculus;N;15,5;6,9
1;8;T;N;Sporobolus_indicus;Agrostis;N;79,8;29,2
1;8;T;N;Sporobolus_indicus;Centaurea;N;193,7;149,5
1;8;T;N;Sporobolus_indicus;Plantago;N;0;0
1;8;T;N;Sporobolus_indicus;Ranunculus;N;0;0
2;8;T;N;Sporobolus_indicus;Agrostis;N;23,5;10,1
2;8;T;N;Sporobolus_indicus;Centaurea;N;100,2;50,6
2;8;T;N;Sporobolus_indicus;Plantago;N;71,5;48,9
2;8;T;N;Sporobolus_indicus;Ranunculus;N;7,3;2,5
3;8;T;N;Sporobolus_indicus;Agrostis;N;20,6;16,3
3;8;T;N;Sporobolus_indicus;Centaurea;N;113,3;35,8
3;8;T;N;Sporobolus_indicus;Plantago;N;124;39
3;8;T;N;Sporobolus_indicus;Ranunculus;N;0;0
1;16;T;N;Sporobolus_indicus;Agrostis;N;135,8;54,4
1;16;T;N;Sporobolus_indicus;Centaurea;N;227,6;90,3
1;16;T;N;Sporobolus_indicus;Plantago;N;437,2;281,2
1;16;T;N;Sporobolus_indicus;Ranunculus;N;31,8;40
2;16;T;N;Sporobolus_indicus;Agrostis;N;4,6;0,6
2;16;T;N;Sporobolus_indicus;Centaurea;N;126,3;66,1
2;16;T;N;Sporobolus_indicus;Plantago;N;466,6;130,4
2;16;T;N;Sporobolus_indicus;Ranunculus;N;25,4;0
3;16;T;N;Sporobolus_indicus;Agrostis;N;181,5;105,3
3;16;T;N;Sporobolus_indicus;Centaurea;N;56,3;75,9
3;16;T;N;Sporobolus_indicus;Plantago;N;235;209,3
3;16;T;N;Sporobolus_indicus;Ranunculus;N;3,9;0
1;32;T;N;Sporobolus_indicus;Agrostis;N;408,8;155
1;32;T;N;Sporobolus_indicus;Centaurea;N;383,3;148,6
1;32;T;N;Sporobolus_indicus;Plantago;N;538,3;209,5
1;32;T;N;Sporobolus_indicus;Ranunculus;N;0;0
2;32;T;N;Sporobolus_indicus;Agrostis;N;0;0
2;32;T;N;Sporobolus_indicus;Centaurea;N;126;57,6
2;32;T;N;Sporobolus_indicus;Plantago;N;745,7;288,2
2;32;T;N;Sporobolus_indicus;Ranunculus;N;0;0
3;32;T;N;Sporobolus_indicus;Agrostis;N;93,6;35,7
3;32;T;N;Sporobolus_indicus;Centaurea;N;286;220,4
3;32;T;N;Sporobolus_indicus;Plantago;N;142,6;63
3;32;T;N;Sporobolus_indicus;Ranunculus;N;36,2;21,9
1;64;T;N;Sporobolus_indicus;Agrostis;N;202,6;86,9
1;64;T;N;Sporobolus_indicus;Centaurea;N;133,1;82,5
1;64;T;N;Sporobolus_indicus;Plantago;N;450,6;150,3
1;64;T;N;Sporobolus_indicus;Ranunculus;N;118;30,4
2;64;T;N;Sporobolus_indicus;Agrostis;N;154,3;37,9
2;64;T;N;Sporobolus_indicus;Centaurea;N;104,1;58,6
2;64;T;N;Sporobolus_indicus;Plantago;N;33,6;5,3
2;64;T;N;Sporobolus_indicus;Ranunculus;N;51,2;14,9
3;64;T;N;Sporobolus_indicus;Agrostis;N;229,2;53,3
3;64;T;N;Sporobolus_indicus;Centaurea;N;520;301,9
3;64;T;N;Sporobolus_indicus;Plantago;N;175,6;66,9
3;64;T;N;Sporobolus_indicus;Ranunculus;N;125,6;56,3
1;4;C;I;Erigeron_canadensis;Invasive;I;27;48,6
2;4;C;I;Erigeron_canadensis;Invasive;I;66,7;35,9
3;4;C;I;Erigeron_canadensis;Invasive;I;54;33,4
1;8;C;I;Erigeron_canadensis;Invasive;I;206;82,1
2;8;C;I;Erigeron_canadensis;Invasive;I;245,7;72,9
3;8;C;I;Erigeron_canadensis;Invasive;I;163,8;60,5
1;16;C;I;Erigeron_canadensis;Invasive;I;532,7;283,3
2;16;C;I;Erigeron_canadensis;Invasive;I;507,3;435,3
3;16;C;I;Erigeron_canadensis;Invasive;I;96,2;49,7
1;32;C;I;Erigeron_canadensis;Invasive;I;781,7;525
2;32;C;I;Erigeron_canadensis;Invasive;I;496,3;175,2
3;32;C;I;Erigeron_canadensis;Invasive;I;504;233,7
1;64;C;I;Erigeron_canadensis;Invasive;I;524,1;376,9
2;64;C;I;Erigeron_canadensis;Invasive;I;436,7;131,1
3;64;C;I;Erigeron_canadensis;Invasive;I;266,8;110,3
1;4;T;I;Erigeron_canadensis;Invasive;I;29,8;18,1
2;4;T;I;Erigeron_canadensis;Invasive;I;28,2;19,3
3;4;T;I;Erigeron_canadensis;Invasive;I;56,2;18,2
1;8;T;I;Erigeron_canadensis;Invasive;I;295,3;141,8
2;8;T;I;Erigeron_canadensis;Invasive;I;155,3;72,3
3;8;T;I;Erigeron_canadensis;Invasive;I;134,7;76,4
1;16;T;I;Erigeron_canadensis;Invasive;I;431,5;272,6
2;16;T;I;Erigeron_canadensis;Invasive;I;185;96,2
3;16;T;I;Erigeron_canadensis;Invasive;I;320,3;125,9
1;32;T;I;Erigeron_canadensis;Invasive;I;637,9;547,6
2;32;T;I;Erigeron_canadensis;Invasive;I;925,7;526,4
3;32;T;I;Erigeron_canadensis;Invasive;I;504,1;234
1;64;T;I;Erigeron_canadensis;Invasive;I;858,1;364,6
2;64;T;I;Erigeron_canadensis;Invasive;I;189;77
3;64;T;I;Erigeron_canadensis;Invasive;I;295,3;185,8
1;4;C;A;Erigeron_canadensis;Invasive;I;32,4;7,3
1;4;C;A;Erigeron_canadensis;Agrostis;N;4,1;0,7
1;4;C;A;Erigeron_canadensis;Centaurea;N;63,6;23,9
1;4;C;A;Erigeron_canadensis;Plantago;N;7,6;0
1;4;C;A;Erigeron_canadensis;Ranunculus;N;3,5;9,2
2;4;C;A;Erigeron_canadensis;Invasive;I;15,1;8,2
2;4;C;A;Erigeron_canadensis;Agrostis;N;9,8;15,2
2;4;C;A;Erigeron_canadensis;Centaurea;N;99;37,8
2;4;C;A;Erigeron_canadensis;Plantago;N;34;5,6
2;4;C;A;Erigeron_canadensis;Ranunculus;N;1,1;0
3;4;C;A;Erigeron_canadensis;Invasive;I;44,3;18,9
3;4;C;A;Erigeron_canadensis;Agrostis;N;13,5;10,8
3;4;C;A;Erigeron_canadensis;Centaurea;N;85,2;105,7
3;4;C;A;Erigeron_canadensis;Plantago;N;55,3;21,9
3;4;C;A;Erigeron_canadensis;Ranunculus;N;7;14
1;8;C;A;Erigeron_canadensis;Invasive;I;96,5;29,6
1;8;C;A;Erigeron_canadensis;Agrostis;N;28;20
1;8;C;A;Erigeron_canadensis;Centaurea;N;64,7;32,7
1;8;C;A;Erigeron_canadensis;Plantago;N;142,7;77,4
1;8;C;A;Erigeron_canadensis;Ranunculus;N;0;0
2;8;C;A;Erigeron_canadensis;Invasive;I;72,8;19,3
2;8;C;A;Erigeron_canadensis;Agrostis;N;37,8;22,4
2;8;C;A;Erigeron_canadensis;Centaurea;N;239,7;106,4
2;8;C;A;Erigeron_canadensis;Plantago;N;174,3;69,5
2;8;C;A;Erigeron_canadensis;Ranunculus;N;1,7;0
3;8;C;A;Erigeron_canadensis;Invasive;I;141,4;75,8
3;8;C;A;Erigeron_canadensis;Agrostis;N;61,2;58,4
3;8;C;A;Erigeron_canadensis;Centaurea;N;129,9;196
3;8;C;A;Erigeron_canadensis;Plantago;N;16,1;9,7
3;8;C;A;Erigeron_canadensis;Ranunculus;N;0;0
1;16;C;A;Erigeron_canadensis;Invasive;I;192,1;86,7
1;16;C;A;Erigeron_canadensis;Agrostis;N;84;19,4
1;16;C;A;Erigeron_canadensis;Centaurea;N;483;431,4
1;16;C;A;Erigeron_canadensis;Plantago;N;108,7;56,1
1;16;C;A;Erigeron_canadensis;Ranunculus;N;138,4;64,9
2;16;C;A;Erigeron_canadensis;Invasive;I;245,9;112,6
2;16;C;A;Erigeron_canadensis;Agrostis;N;62,8;84,6
2;16;C;A;Erigeron_canadensis;Centaurea;N;239,9;239,9
2;16;C;A;Erigeron_canadensis;Plantago;N;310,8;124,3
2;16;C;A;Erigeron_canadensis;Ranunculus;N;0;0
3;16;C;A;Erigeron_canadensis;Invasive;I;384,8;94,5
3;16;C;A;Erigeron_canadensis;Agrostis;N;94,3;54,1
3;16;C;A;Erigeron_canadensis;Centaurea;N;268,3;196,4
3;16;C;A;Erigeron_canadensis;Plantago;N;290,8;99,1
3;16;C;A;Erigeron_canadensis;Ranunculus;N;0;0
1;32;C;A;Erigeron_canadensis;Invasive;I;443,2;207,1
1;32;C;A;Erigeron_canadensis;Agrostis;N;313,1;123,7
1;32;C;A;Erigeron_canadensis;Centaurea;N;356,2;136,7
1;32;C;A;Erigeron_canadensis;Plantago;N;298,8;158,5
1;32;C;A;Erigeron_canadensis;Ranunculus;N;293,8;265,3
2;32;C;A;Erigeron_canadensis;Invasive;I;224,1;53,2
2;32;C;A;Erigeron_canadensis;Agrostis;N;102,3;36,1
2;32;C;A;Erigeron_canadensis;Centaurea;N;247,7;162
2;32;C;A;Erigeron_canadensis;Plantago;N;256,9;157,4
2;32;C;A;Erigeron_canadensis;Ranunculus;N;141,1;109,6
3;32;C;A;Erigeron_canadensis;Invasive;I;402,5;164,1
3;32;C;A;Erigeron_canadensis;Agrostis;N;69,2;38,3
3;32;C;A;Erigeron_canadensis;Centaurea;N;407,2;369
3;32;C;A;Erigeron_canadensis;Plantago;N;318,7;119,3
3;32;C;A;Erigeron_canadensis;Ranunculus;N;79,2;37,2
1;64;C;A;Erigeron_canadensis;Invasive;I;219,9;161,3
1;64;C;A;Erigeron_canadensis;Agrostis;N;2,6;4,9
1;64;C;A;Erigeron_canadensis;Centaurea;N;388,6;197,3
1;64;C;A;Erigeron_canadensis;Plantago;N;1241,8;412
1;64;C;A;Erigeron_canadensis;Ranunculus;N;37,4;49,3
2;64;C;A;Erigeron_canadensis;Invasive;I;369,2;129
2;64;C;A;Erigeron_canadensis;Agrostis;N;0;0
2;64;C;A;Erigeron_canadensis;Centaurea;N;351,7;180,5
2;64;C;A;Erigeron_canadensis;Plantago;N;300;138,1
2;64;C;A;Erigeron_canadensis;Ranunculus;N;6,9;13,4
3;64;C;A;Erigeron_canadensis;Invasive;I;214,9;145,8
3;64;C;A;Erigeron_canadensis;Agrostis;N;336,6;126,1
3;64;C;A;Erigeron_canadensis;Centaurea;N;601,6;419,2
3;64;C;A;Erigeron_canadensis;Plantago;N;234,2;101,4
3;64;C;A;Erigeron_canadensis;Ranunculus;N;39,9;0
1;4;T;A;Erigeron_canadensis;Invasive;I;11,4;3,4
1;4;T;A;Erigeron_canadensis;Agrostis;N;10,8;6,1
1;4;T;A;Erigeron_canadensis;Centaurea;N;12,5;5
1;4;T;A;Erigeron_canadensis;Plantago;N;41;36,5
1;4;T;A;Erigeron_canadensis;Ranunculus;N;3;0
2;4;T;A;Erigeron_canadensis;Invasive;I;7,8;2
2;4;T;A;Erigeron_canadensis;Agrostis;N;4,3;3,3
2;4;T;A;Erigeron_canadensis;Centaurea;N;82,2;69,3
2;4;T;A;Erigeron_canadensis;Plantago;N;19,9;21,9
2;4;T;A;Erigeron_canadensis;Ranunculus;N;0;0
3;4;T;A;Erigeron_canadensis;Invasive;I;18,6;5
3;4;T;A;Erigeron_canadensis;Agrostis;N;9,2;9,9
3;4;T;A;Erigeron_canadensis;Centaurea;N;57;39,5
3;4;T;A;Erigeron_canadensis;Plantago;N;11,9;7,7
3;4;T;A;Erigeron_canadensis;Ranunculus;N;0;0
1;8;T;A;Erigeron_canadensis;Invasive;I;88,5;37,6
1;8;T;A;Erigeron_canadensis;Agrostis;N;3,4;1
1;8;T;A;Erigeron_canadensis;Centaurea;N;66,6;42,6
1;8;T;A;Erigeron_canadensis;Plantago;N;12,1;8,8
1;8;T;A;Erigeron_canadensis;Ranunculus;N;5,1;4
2;8;T;A;Erigeron_canadensis;Invasive;I;43,4;29,9
2;8;T;A;Erigeron_canadensis;Agrostis;N;0;0
2;8;T;A;Erigeron_canadensis;Centaurea;N;40,3;31,6
2;8;T;A;Erigeron_canadensis;Plantago;N;48,2;24,5
2;8;T;A;Erigeron_canadensis;Ranunculus;N;0;0
3;8;T;A;Erigeron_canadensis;Invasive;I;79,6;32,3
3;8;T;A;Erigeron_canadensis;Agrostis;N;96;34,9
3;8;T;A;Erigeron_canadensis;Centaurea;N;103,6;109
3;8;T;A;Erigeron_canadensis;Plantago;N;5;8,2
3;8;T;A;Erigeron_canadensis;Ranunculus;N;4,8;0
1;16;T;A;Erigeron_canadensis;Invasive;I;216,8;47,4
1;16;T;A;Erigeron_canadensis;Agrostis;N;117,9;26
1;16;T;A;Erigeron_canadensis;Centaurea;N;248,3;109
1;16;T;A;Erigeron_canadensis;Plantago;N;168,6;63,7
1;16;T;A;Erigeron_canadensis;Ranunculus;N;154,7;106,7
2;16;T;A;Erigeron_canadensis;Invasive;I;195,8;61,5
2;16;T;A;Erigeron_canadensis;Agrostis;N;5,1;0,2
2;16;T;A;Erigeron_canadensis;Centaurea;N;269,8;159,8
2;16;T;A;Erigeron_canadensis;Plantago;N;484,6;207,6
2;16;T;A;Erigeron_canadensis;Ranunculus;N;93,5;42,7
3;16;T;A;Erigeron_canadensis;Invasive;I;136;39,3
3;16;T;A;Erigeron_canadensis;Agrostis;N;169,4;49,4
3;16;T;A;Erigeron_canadensis;Centaurea;N;230,7;114
3;16;T;A;Erigeron_canadensis;Plantago;N;102,5;21,7
3;16;T;A;Erigeron_canadensis;Ranunculus;N;0;0
1;32;T;A;Erigeron_canadensis;Invasive;I;240,5;97,5
1;32;T;A;Erigeron_canadensis;Agrostis;N;83,2;38,4
1;32;T;A;Erigeron_canadensis;Centaurea;N;6,7;0
1;32;T;A;Erigeron_canadensis;Plantago;N;461,2;161
1;32;T;A;Erigeron_canadensis;Ranunculus;N;66,6;18,7
2;32;T;A;Erigeron_canadensis;Invasive;I;341,8;163,4
2;32;T;A;Erigeron_canadensis;Agrostis;N;69,3;25,8
2;32;T;A;Erigeron_canadensis;Centaurea;N;250,9;100
2;32;T;A;Erigeron_canadensis;Plantago;N;0;0
2;32;T;A;Erigeron_canadensis;Ranunculus;N;49;23,7
3;32;T;A;Erigeron_canadensis;Invasive;I;227,6;58,5
3;32;T;A;Erigeron_canadensis;Agrostis;N;207,3;65,5
3;32;T;A;Erigeron_canadensis;Centaurea;N;260,3;69,2
3;32;T;A;Erigeron_canadensis;Plantago;N;503,9;208,1
3;32;T;A;Erigeron_canadensis;Ranunculus;N;0;0
1;64;T;A;Erigeron_canadensis;Invasive;I;325,9;150,6
1;64;T;A;Erigeron_canadensis;Agrostis;N;50,4;22,6
1;64;T;A;Erigeron_canadensis;Centaurea;N;101,5;84,2
1;64;T;A;Erigeron_canadensis;Plantago;N;259,2;109,3
1;64;T;A;Erigeron_canadensis;Ranunculus;N;215;127,9
2;64;T;A;Erigeron_canadensis;Invasive;I;386;101,3
2;64;T;A;Erigeron_canadensis;Agrostis;N;369,5;98,8
2;64;T;A;Erigeron_canadensis;Centaurea;N;123,8;54,3
2;64;T;A;Erigeron_canadensis;Plantago;N;230,2;100,2
2;64;T;A;Erigeron_canadensis;Ranunculus;N;165,7;102,3
3;64;T;A;Erigeron_canadensis;Invasive;I;478,2;285,1
3;64;T;A;Erigeron_canadensis;Agrostis;N;8,8;3,3
3;64;T;A;Erigeron_canadensis;Centaurea;N;184,9;217,1
3;64;T;A;Erigeron_canadensis;Plantago;N;385;150
3;64;T;A;Erigeron_canadensis;Ranunculus;N;280,2;184,8
1;4;T;N;Erigeron_canadensis;Agrostis;N;9,5;2,1
1;4;T;N;Erigeron_canadensis;Centaurea;N;44;31,5
1;4;T;N;Erigeron_canadensis;Plantago;N;27,5;2
1;4;T;N;Erigeron_canadensis;Ranunculus;N;7,1;0
2;4;T;N;Erigeron_canadensis;Agrostis;N;2,8;3,4
2;4;T;N;Erigeron_canadensis;Centaurea;N;40,4;38,3
2;4;T;N;Erigeron_canadensis;Plantago;N;20;11
2;4;T;N;Erigeron_canadensis;Ranunculus;N;4;2,2
3;4;T;N;Erigeron_canadensis;Agrostis;N;4,2;1,6
3;4;T;N;Erigeron_canadensis;Centaurea;N;15,8;5,1
3;4;T;N;Erigeron_canadensis;Plantago;N;19,1;14,9
3;4;T;N;Erigeron_canadensis;Ranunculus;N;27,2;12,9
1;8;T;N;Erigeron_canadensis;Agrostis;N;11;4,1
1;8;T;N;Erigeron_canadensis;Centaurea;N;88,9;53,6
1;8;T;N;Erigeron_canadensis;Plantago;N;111,6;93
1;8;T;N;Erigeron_canadensis;Ranunculus;N;0;0
2;8;T;N;Erigeron_canadensis;Agrostis;N;34,1;20
2;8;T;N;Erigeron_canadensis;Centaurea;N;167,6;225,1
2;8;T;N;Erigeron_canadensis;Plantago;N;7,8;0
2;8;T;N;Erigeron_canadensis;Ranunculus;N;7,4;1,3
3;8;T;N;Erigeron_canadensis;Agrostis;N;26,8;20,4
3;8;T;N;Erigeron_canadensis;Centaurea;N;96,8;59,3
3;8;T;N;Erigeron_canadensis;Plantago;N;13,6;6,3
3;8;T;N;Erigeron_canadensis;Ranunculus;N;0;0
1;16;T;N;Erigeron_canadensis;Agrostis;N;115,4;46,9
1;16;T;N;Erigeron_canadensis;Centaurea;N;231;165,4
1;16;T;N;Erigeron_canadensis;Plantago;N;287,6;93,4
1;16;T;N;Erigeron_canadensis;Ranunculus;N;0;0
2;16;T;N;Erigeron_canadensis;Agrostis;N;162,8;93,8
2;16;T;N;Erigeron_canadensis;Centaurea;N;319,9;279,8
2;16;T;N;Erigeron_canadensis;Plantago;N;274,6;138,4
2;16;T;N;Erigeron_canadensis;Ranunculus;N;27,1;15,4
3;16;T;N;Erigeron_canadensis;Agrostis;N;68,5;12,5
3;16;T;N;Erigeron_canadensis;Centaurea;N;118,3;69,5
3;16;T;N;Erigeron_canadensis;Plantago;N;268,9;101,2
3;16;T;N;Erigeron_canadensis;Ranunculus;N;198,2;119,1
1;32;T;N;Erigeron_canadensis;Agrostis;N;33,5;20
1;32;T;N;Erigeron_canadensis;Centaurea;N;615,3;398,4
1;32;T;N;Erigeron_canadensis;Plantago;N;165,9;77,9
1;32;T;N;Erigeron_canadensis;Ranunculus;N;8,7;0
2;32;T;N;Erigeron_canadensis;Agrostis;N;67,5;15
2;32;T;N;Erigeron_canadensis;Centaurea;N;156;59,1
2;32;T;N;Erigeron_canadensis;Plantago;N;191,2;85,2
2;32;T;N;Erigeron_canadensis;Ranunculus;N;115,7;44,1
3;32;T;N;Erigeron_canadensis;Agrostis;N;0;0
3;32;T;N;Erigeron_canadensis;Centaurea;N;212,6;118,1
3;32;T;N;Erigeron_canadensis;Plantago;N;781,2;314,8
3;32;T;N;Erigeron_canadensis;Ranunculus;N;162,1;121,1
1;64;T;N;Erigeron_canadensis;Agrostis;N;498,2;169
1;64;T;N;Erigeron_canadensis;Centaurea;N;185,6;75,5
1;64;T;N;Erigeron_canadensis;Plantago;N;204,8;56,3
1;64;T;N;Erigeron_canadensis;Ranunculus;N;217,5;95,6
2;64;T;N;Erigeron_canadensis;Agrostis;N;8;2,1
2;64;T;N;Erigeron_canadensis;Centaurea;N;513,3;169
2;64;T;N;Erigeron_canadensis;Plantago;N;564,1;174,7
2;64;T;N;Erigeron_canadensis;Ranunculus;N;91,6;53,2
3;64;T;N;Erigeron_canadensis;Agrostis;N;248,9;60
3;64;T;N;Erigeron_canadensis;Centaurea;N;120,9;44,3
3;64;T;N;Erigeron_canadensis;Plantago;N;455,3;203,6
3;64;T;N;Erigeron_canadensis;Ranunculus;N;136;52
